<?xml version="1.0" encoding="UTF-8"?>
<!DOCTYPE suite SYSTEM "https://testng.org/testng-1.0.dtd">
<suite name="Suite">

  <test thread-count="5" name="Test">
  
   <parameter name="browser" value="chrome"></parameter>
   <parameter name="url" value="https://www.flipkart.com/"></parameter>
    <classes>
      <class name="com.demo.Seleniumtest">
      <methods>
          <include name="navigator"></include>
	      <include name="scroll"></include>
	      <include name="checkscroll"></include>
	      <include name="searchProduct"></include>
	      <include name="loadImage"></include>
	      <include name="scrollFrequency"></include>
	      <include name="downloadImages"></include>
	      <include name="screenResolution"></include>
      </methods>
      </class>
    </classes>
    
  </test> <!-- Test -->
  
</suite> <!-- Suite -->
